,マグニチュード,発生日時,震源地と震源の深さ,各地の震度,人的被害,津波の心配,在来線・新幹線被害,その他の被害,気象庁の分析,原発
地震：水戸で震度４,気象庁によると、震源の深さは約50キロ、地震の規模を示すマグニチュードは5・0と推定される,20日午前7時25分ごろ、茨城県南部を震源とする地震があり、さいたま市や水戸市などで最大震度4を観測した,気象庁によると、震源の深さは約50キロ、地震の規模を示すマグニチュードは5・0と推定される,主な各地の震度は次の通り,,,,,,
地震：関東で震度３,地震の規模はマグニチュード4．4と推定される,26日午前4時52分ごろ、茨城、栃木、埼玉、千葉の各県で震度3の地震があった,気象庁によると、震源地は茨城県南部で、震源の深さは約50キロ,各地の震度は次の通り,,,,,,
地震：長野と福島で震度３相次ぐ,地震の規模はマグニチュード3・4と推定される|地震の規模はＭ5・8と推定される","27日午前3時28分ごろ、長野県で震度3の地震があった|また、同7時57分ごろ、宮城、福島、茨城、栃木の各県で震度3の地震があった,気象庁によると、震源地は新潟県上越地方で、震源の深さは約10キロ|同庁によると、震源地は福島県沖で震源の深さは約10キロ,,,,,,,
地震：和歌山で震度４,気象庁によると、震源の深さは約10キロで、地震の規模を示すマグニチュードは6・1と推定される,1日午前11時39分ごろ、三重県南東沖を震源とする地震があり、和歌山県古座川町で震度4を観測した,気象庁によると、震源の深さは約10キロで、地震の規模を示すマグニチュードは6・1と推定される,主な各地の震度は次の通り,,,東海道新幹線は地震防災システムが作動し、約10分間にわたり静岡—岐阜羽島間の上下線で一時運転を見合わせた|ＪＲ東海によると、3本が遅れ、約3600人に影響した,,,
地震：熊本で震度４,気象庁によると、震源は同県熊本地方、震源の深さは約10キロ、地震の規模を示すマグニチュードは4・7と推定される,1日午前6時33分ごろ、熊本市西区・南区や熊本県宇城市、上天草市で震度4を観測する地震があった,気象庁によると、震源は同県熊本地方、震源の深さは約10キロ、地震の規模を示すマグニチュードは4・7と推定される,その他の主な各地の震度は次の通り,,,点検のため九州道の益城熊本空港—八代両ＩＣ間の上下線などが通行止めになった|九州新幹線も一時運転を見合わせた,,,
地震：長野で震度４,マグニチュードは4．6と推定される,25日午後1時51分ごろ長野県の小谷村と小川村で震度4の地震があった,気象庁によると、震源地は新潟県上越地方で、震源の深さは約10キロ,その他の各地の震度は次の通り,,,,,,
地震：熊本で震度５弱,気象庁によると、震源の深さは約13キロ、地震の規模を示すマグニチュードは5・2と推定される,31日午後7時46分ごろ、熊本県熊本地方を震源とする地震があり、熊本市西区と熊本県宇城市で震度5弱を観測した,熊本県以外でも、九州全域と中国・四国地方で震度3〜1の揺れを記録した|気象庁によると、震源の深さは約13キロ、地震の規模を示すマグニチュードは5・2と推定される,その他の主な各地の震度は以下の通り,,,,,,
熊本地震：水俣で震度３,,熊本県・大分県を中心に続いている一連の地震で、10日にこれまでの主な活動領域よりやや南西に離れたところで地震が発生した,この地域を震源とした震度1以上の地震が観測されたのは先月14日以降初めて|気象庁によると、10日午前4時41分から5時7分ごろにかけて、熊本県天草・芦北地方を震源とする地震が断続的に計3回あり、水俣市で震度3、芦北町や天草市などで震度2を観測した,,,,,,気象庁は熊本地震の活動の一つとしている,
熊本地震：熊本で震度５強,気象庁によると、震源の深さは約10キロ、マグニチュードは5・5と推定される,19日午後5時52分ごろ、熊本県熊本地方を震源とする地震があり、同県八代市で震度5強、同県氷川町と同県芦北町で震度5弱を観測した,気象庁によると、震源の深さは約10キロ、マグニチュードは5・5と推定される,,,,,,,
地震：高知で震度３　【大阪】,地震の規模はマグニチュード3．7と推定される,26日午前9時49分ごろ、高知県で震度3の地震があった,気象庁によると、震源地は高知県中部で震源の深さは約10キロ,各地の震度は、震度3＝香美物部神池▽震度2＝三好西祖谷山香美香北など,,津波の心配はない,,,,
地震：北海道・函館で震度４,地震の規模はマグニチュード5．5と推定される,26日午後2時13分ごろ、北海道函館市で震度4の地震があった,気象庁によると震源地は浦河沖で、震源の深さは約20キロ,,北海道や道警などによると、けが人や建物の倒壊の情報はなかった,,,,,
地震：大分で震度４,気象庁によると、震源は日向灘、震源の深さは約60キロ、地震の規模を示すマグニチュードは4・4と推定される,22日午前3時33分ごろ、大分県佐伯市で震度4を観測する地震があった,気象庁によると、震源は日向灘、震源の深さは約60キロ、地震の規模を示すマグニチュードは4・4と推定される,その他の主な各地の震度は次の通り,,,,,,
地震：千葉・銚子で震度３,地震の規模はマグニチュード4・1と推定される,22日午前7時59分ごろ、千葉県銚子市で震度3の地震があった,気象庁によると、震源地は千葉県東方沖で、震源の深さは約10キロ,,,,,,,
地震：兵庫北部で震度３　【大阪】,地震の規模はマグニチュード3・1と推定される,25日午後8時48分、兵庫県養父市で震度3の地震があった,気象庁によると、震源地は同県北部で、震源の深さは約10キロ,各地の震度は次の通り,,,,,,
地震：茨城北部で震度４,気象庁によると、震源の深さは約10キロ、マグニチュードは4．7と推定される,22日午後2時34分ごろ、茨城県北部を震源とする地震があり、同県常陸太田市で震度4を観測した,気象庁によると、震源の深さは約10キロ、マグニチュードは4．7と推定される,主な各地の震度は次の通り,,津波はなかった,,,,
熊本地震：阿蘇で震度５強,気象庁によると、震源の深さは約9キロ、地震の規模を示すマグニチュードは5・8と推定される,18日午後8時41分ごろ、熊本県阿蘇地方を震源とする地震があり、熊本県阿蘇市などで震度5強を観測した,気象庁によると、震源の深さは約9キロ、地震の規模を示すマグニチュードは5・8と推定される,主な各地の震度は次の通り,,,,,,
地震：川崎、東京・町田で震度４,気象庁によると震源の深さは約30キロ、地震の規模を示すマグニチュードは4・6と推定される,5日午前7時41分ごろ、神奈川県東部を震源とする地震があり、川崎市川崎区や東京都町田市で震度4、神奈川県や東京都の広い範囲で震度3を観測した,気象庁によると震源の深さは約30キロ、地震の規模を示すマグニチュードは4・6と推定される,,,,,,,
地震：茨城で震度３,気象庁によると、震源の深さは約20キロ、地震の規模を示すマグニチュードは4・2と推定される,18日午前8時50分ごろ、茨城県沖を震源とする地震があり、水戸市などで震度3を観測した,気象庁によると、震源の深さは約20キロ、地震の規模を示すマグニチュードは4・2と推定される,その他の主な各地の震度は次の通り,,,,,,
地震：茨城で震度５弱,気象庁によると、震源の深さは約50キロ、地震の規模を示すマグニチュードは5・3と推定される,27日午後11時47分ごろ、茨城県北部を震源とする地震があり、同県日立市や常陸太田市などで震度5弱を記録した,気象庁によると、震源の深さは約50キロ、地震の規模を示すマグニチュードは5・3と推定される,主な各地の震度は以下の通り,,,ＪＲ東日本によると、東北新幹線が大宮—那須塩原間で一時運転を見合わせ下り1本が18分遅れた|在来線は常磐線・日立—いわき間で運転を一時見合わせた,,,原子力規制庁などによると、停止中の日本原子力発電東海第2原発と東京電力福島第2原発や、廃炉作業中の同福島第1原発に異常はないという
地震：茨城で震度５弱　ベッドから転落し８歳男児骨折,地震の規模を示すマグニチュードは5・5と推定される,16日午後9時23分ごろ、茨城県南部を震源とする地震があり、同県小美玉市で震度5弱を記録したほか、東北から中部地方の広い範囲で揺れを観測した,気象庁によると、震源の深さは約42キロ,主な各地の震度は次の通り,震度3を観測した東京都江東区では、地震に驚いて屋外に避難しようとした女性がドアに足をぶつけ、軽傷を負った|茨城県つくば市消防本部によると、つくば市内の住宅で男児が2段ベッドの上段から下りる際に転落し、左肘を骨折した|東京都杉並区の西武新宿線井荻駅では午後9時44分ごろ、エレベーターが停止し中に人が閉じ込められたと119番があった|約15分後に30代の男性1人が救助され、けがはなかった,,17日午前0時現在、計約1650人が乗った普通電車2本が駅間に停止している|ＪＲ東海と東日本によると、東海道、東北、上越各新幹線は一部区間で運転を見合わせたが、約8〜10分後に再開した|在来線は常磐線・取手—水戸間の上下線で運転を見合わせた|私鉄では東武野田線・大宮—春日部間で上下線が約2時間20分、運転を見合わせた,エレベーター管理会社の日立ビルシステムによると、茨城県を中心に首都圏で一時2500台のエレベーターが止まったという|成田、羽田両空港に異常はなかった,気象庁は「揺れが強かった地域は今後2、3日の間、最大震度4程度の余震に注意してほしい」と呼び掛けた,原子力規制庁によると、停止中の日本原子力発電東海第2原発と東京電力福島第2原発、廃炉作業中の同福島第1原発に異常はないという
